gender,ethnicity,income,deductions,dependents,filing_status,audit_risk_label
Male,GroupA,42440.35,19354.83,0,single,1
Female,GroupB,43462.39,11948.07,3,single,1
Female,GroupC,55470.42,5658.54,0,married,0
Female,GroupB,67347.31,12673.15,1,single,0
Male,GroupC,78271.69,0.0,0,married,0
Male,GroupB,43936.42,10016.88,1,single,0
Male,GroupB,89853.77,11639.11,1,head_of_household,0
Female,GroupC,54577.53,14621.35,0,single,1
Female,GroupA,59572.65,4930.52,2,married,0
Female,GroupA,45055.77,10428.44,0,married,0
Male,GroupA,20000.0,5372.88,4,head_of_household,1
Female,GroupC,77680.91,11276.92,4,married,0
Female,GroupC,74736.88,5523.27,2,single,0
Male,GroupA,54373.45,7959.5,1,single,0
Male,GroupB,61339.81,5020.92,2,head_of_household,0
Male,GroupC,70318.78,13255.68,4,married,0
Male,GroupA,28749.08,14292.26,2,head_of_household,1
Male,GroupB,49418.95,8826.9,0,single,0
Male,GroupC,75885.29,10191.19,2,head_of_household,0
Male,GroupA,34914.21,2757.04,1,married,1
Female,GroupB,65871.16,8501.62,0,head_of_household,0
Male,GroupA,32868.36,9748.98,3,married,1
Male,GroupC,69328.6,23103.97,4,married,1
Male,GroupC,59287.17,4440.16,4,single,0
Male,GroupC,27697.36,17320.89,2,single,1
Female,GroupA,83294.79,14984.29,0,single,0
Male,GroupC,45308.17,11403.18,3,married,1
Male,GroupC,43794.95,18793.1,0,head_of_household,1
Female,GroupA,64011.38,11860.53,4,married,0
Male,GroupC,82972.75,11945.8,0,single,0
Female,GroupA,39683.56,9734.4,3,single,1
Male,GroupB,61233.6,16117.84,2,head_of_household,1
Male,GroupA,68576.33,15482.35,1,single,0
Female,GroupA,73862.11,6871.61,0,single,0
Female,GroupA,63528.83,3403.76,1,single,0
Female,GroupB,52659.44,8985.1,4,head_of_household,0
Male,GroupA,43448.2,5999.81,2,married,0
Male,GroupB,61722.88,9682.38,2,single,0
Female,GroupA,38557.22,16187.19,0,head_of_household,1
Male,GroupA,20000.0,7713.49,2,single,1
Male,GroupB,68731.2,9785.88,0,head_of_household,0
Male,GroupB,78078.7,10290.11,0,single,0
Male,GroupA,20000.0,14242.15,1,head_of_household,1
Female,GroupB,39805.39,0.0,2,single,1
Male,GroupC,72383.09,6966.5,0,married,0
Female,GroupB,101149.91,11056.42,1,single,0
Male,GroupA,60415.87,16000.39,3,head_of_household,1
Male,GroupA,45439.94,7540.49,1,single,0
Male,GroupC,56342.07,617.24,1,married,0
Male,GroupA,87497.53,13098.56,0,single,0
Female,GroupC,47080.72,6823.19,4,head_of_household,0
Female,GroupB,44016.16,4051.67,4,head_of_household,0
Female,GroupC,50345.13,6878.27,4,married,0
Female,GroupB,40933.43,9077.37,1,head_of_household,0
Female,GroupC,62453.41,6976.28,0,single,0
Female,GroupA,92493.57,0.0,2,single,0
Male,GroupB,66461.59,14485.33,1,single,0
Male,GroupA,54952.93,16374.38,1,head_of_household,1
Male,GroupA,54163.77,13257.61,0,single,0
Male,GroupB,28736.18,4311.57,3,single,1
Male,GroupC,77662.2,8992.54,1,single,0
Male,GroupC,58443.26,9967.39,3,married,0
Female,GroupB,56390.4,12993.97,3,head_of_household,0
Male,GroupA,123862.15,13341.7,4,head_of_household,0
Male,GroupA,65975.06,6329.13,0,head_of_household,0
Male,GroupB,44964.18,10409.98,3,married,0
Male,GroupA,51472.85,12286.4,0,head_of_household,0
Female,GroupA,82968.91,17279.11,4,married,0
Male,GroupA,62265.41,13522.53,0,married,0
Female,GroupA,31234.44,13945.28,1,head_of_household,1
Female,GroupA,78384.58,10419.13,3,single,0
Male,GroupA,46637.12,17052.3,0,single,1
Male,GroupA,97465.96,12048.81,2,head_of_household,0
Female,GroupA,81600.96,5694.56,0,head_of_household,0
Female,GroupC,51053.56,17016.85,3,married,1
Female,GroupA,85620.33,13489.52,4,head_of_household,0
Female,GroupA,61357.11,7784.78,4,married,0
Male,GroupB,77055.47,7602.54,3,head_of_household,0
Male,GroupA,69694.66,11482.88,1,single,0
Male,GroupC,43072.87,12315.92,1,single,1
Female,GroupB,47129.0,10986.46,4,head_of_household,0
Female,GroupA,80599.22,11556.54,4,married,0
Male,GroupA,53304.49,18499.79,3,single,1
Male,GroupC,51927.03,15357.72,1,married,1
Male,GroupC,40897.55,10953.18,4,head_of_household,1
Male,GroupA,68471.98,14706.55,1,head_of_household,0
Female,GroupB,101250.5,4837.38,4,single,0
Female,GroupA,38649.34,11989.64,0,head_of_household,1
Female,GroupC,60484.39,19046.53,2,single,1
Male,GroupA,88244.41,8909.77,0,married,0
Male,GroupC,58407.17,5761.83,4,single,0
Female,GroupB,69047.44,6739.56,2,single,0
Female,GroupB,38752.13,4551.83,2,married,1
Female,GroupB,68566.14,6076.19,4,single,0
Female,GroupA,56257.11,8147.46,4,single,0
Male,GroupA,79714.6,2972.16,1,head_of_household,0
Male,GroupA,83747.72,10078.09,4,married,0
Male,GroupA,111791.27,14511.39,3,single,0
Male,GroupB,71592.66,5461.22,4,married,0
Male,GroupA,66515.93,17596.42,3,married,1
Male,GroupA,63887.69,12553.96,4,single,0
Female,GroupC,52936.67,15152.9,1,head_of_household,1
Male,GroupC,66769.68,6710.83,3,married,0
Male,GroupC,54091.97,14272.63,0,single,1
Female,GroupC,63369.22,4540.33,3,married,0
Male,GroupA,86351.95,14451.24,1,head_of_household,0
Male,GroupA,39869.15,10859.2,3,head_of_household,1
Female,GroupB,82797.57,12766.26,4,head_of_household,0
Male,GroupB,86342.3,4122.03,4,single,0
Male,GroupA,57638.63,5524.65,1,single,0
Male,GroupC,20000.0,12986.14,2,head_of_household,1
Male,GroupA,47843.56,5258.26,4,single,0
Female,GroupA,85939.89,12316.03,0,head_of_household,0
Female,GroupB,59542.64,3164.31,1,single,0
Female,GroupB,40013.96,14240.87,3,head_of_household,1
Female,GroupB,49904.5,3837.38,3,married,0
Female,GroupA,76812.4,12761.5,0,head_of_household,0
Male,GroupC,70934.67,13128.15,4,head_of_household,0
Female,GroupA,55221.36,6516.14,1,single,0
Male,GroupA,52663.51,12910.13,0,single,0
Female,GroupC,52164.84,11302.21,4,single,0
Female,GroupC,41551.8,7305.79,1,single,0
Male,GroupC,92307.51,4957.23,3,single,0
Male,GroupC,53553.59,186.87,1,single,0
Male,GroupB,84343.17,11748.25,2,married,0
Male,GroupB,90426.32,2175.99,1,head_of_household,0
Female,GroupA,79966.22,10476.72,2,head_of_household,0
Female,GroupA,51367.59,8682.76,1,head_of_household,0
Male,GroupA,68074.6,13395.71,2,married,0
Male,GroupA,59516.09,8489.77,3,head_of_household,0
Male,GroupB,41925.96,8352.76,4,married,0
Male,GroupA,66487.19,13659.35,2,married,0
Male,GroupA,36419.2,11675.29,2,married,1
Male,GroupA,83753.59,11580.78,3,head_of_household,0
Female,GroupB,50707.65,12346.34,2,married,0
Male,GroupA,64023.19,2322.14,0,head_of_household,0
Male,GroupC,65665.76,13783.94,3,head_of_household,0
Female,GroupA,54821.9,13062.34,0,single,0
Male,GroupA,71733.88,4916.58,3,single,0
Female,GroupB,50501.93,8779.6,2,married,0
Female,GroupC,77425.95,9803.46,0,married,0
Male,GroupA,33080.41,9327.52,2,head_of_household,1
Male,GroupB,62527.59,11669.3,3,married,0
Male,GroupB,98778.58,17156.83,2,married,0
Male,GroupA,39993.37,15408.83,0,head_of_household,1
Male,GroupC,46445.1,3438.9,0,married,0
Female,GroupB,70278.16,13110.35,2,married,0
Male,GroupB,63591.64,16644.67,1,head_of_household,1
Male,GroupC,67012.6,11934.04,3,head_of_household,0
Male,GroupC,69783.74,15454.9,3,single,0
Female,GroupB,72694.43,20061.35,2,head_of_household,1
Male,GroupC,82194.0,15118.55,1,single,0
Male,GroupB,68196.37,11246.54,0,married,0
Male,GroupB,55174.85,15225.44,4,head_of_household,1
Female,GroupB,73451.47,10724.44,4,head_of_household,0
Male,GroupB,97997.64,10119.52,2,head_of_household,0
Female,GroupA,57347.33,8242.93,1,married,0
Female,GroupC,40509.41,17817.07,1,single,1
Male,GroupC,82141.61,5907.86,3,married,0
Female,GroupA,57592.38,17661.84,0,married,1
Male,GroupC,20000.0,12499.32,1,head_of_household,1
Female,GroupA,76948.43,3003.47,4,single,0
Female,GroupA,49293.44,11838.25,0,married,0
Male,GroupB,58189.33,0.0,0,head_of_household,0
Male,GroupA,66639.61,13127.54,2,married,0
Female,GroupC,63809.99,14426.16,1,married,0
Male,GroupC,74189.04,7038.22,2,head_of_household,0
Male,GroupB,51290.27,10617.74,1,head_of_household,0
Male,GroupA,70262.12,19770.79,3,single,1
Female,GroupA,54809.07,7471.27,2,married,0
Female,GroupB,74776.21,4705.46,2,head_of_household,0
Male,GroupC,72307.35,17408.32,4,head_of_household,0
Male,GroupB,41291.23,19812.94,2,single,1
Male,GroupA,81719.64,10018.48,1,single,0
Female,GroupB,49280.73,15057.32,4,head_of_household,1
Male,GroupB,76161.16,16707.38,2,single,0
Female,GroupB,67345.75,6287.58,2,head_of_household,0
Male,GroupA,96763.67,7573.47,3,married,0
Female,GroupB,55530.68,16154.37,2,single,1
Male,GroupB,53013.66,18425.07,0,married,1
Male,GroupC,59611.61,12814.4,4,married,0
Male,GroupA,53936.4,5600.93,0,married,0
Female,GroupB,75998.84,19935.31,4,head_of_household,1
Female,GroupC,27673.79,7345.15,3,married,1
Male,GroupA,38926.35,8324.31,2,married,1
Female,GroupC,38643.94,11711.69,2,married,1
Female,GroupB,79006.15,17770.8,2,head_of_household,0
Female,GroupA,94212.27,14269.88,4,married,0
Male,GroupA,57911.02,12074.33,2,married,0
Male,GroupB,56623.57,12316.44,0,single,0
Male,GroupA,61401.04,10217.57,2,head_of_household,0
Female,GroupB,83237.57,12790.7,3,married,0
Female,GroupA,41452.94,0.0,0,single,0
Female,GroupB,64767.38,8516.96,2,head_of_household,0
Male,GroupA,79503.95,11206.61,2,head_of_household,0
Male,GroupC,70021.88,4244.93,1,head_of_household,0
Female,GroupC,63791.63,11931.62,4,head_of_household,0
Female,GroupC,80020.92,8977.64,0,head_of_household,0
Female,GroupB,20000.0,18777.38,1,head_of_household,1
Female,GroupA,73557.51,17865.1,3,married,0
Female,GroupB,46918.49,7670.97,4,married,0
Male,GroupA,23387.34,9245.81,0,married,1
Male,GroupA,70224.05,9630.26,2,married,0
Female,GroupA,87473.17,7741.7,0,single,0
Female,GroupA,57251.03,10975.12,2,married,0
Male,GroupB,79057.49,6208.59,4,head_of_household,0
Male,GroupB,92245.57,4346.92,2,married,0
Female,GroupA,86298.29,13113.56,3,married,0
Male,GroupA,92799.29,13147.65,2,head_of_household,0
Male,GroupC,74842.55,5978.42,3,married,0
Male,GroupA,61508.67,14476.78,4,married,0
Female,GroupA,27960.68,6842.11,4,married,1
Female,GroupA,55078.75,11265.83,0,single,0
Male,GroupB,43135.07,14101.72,3,married,1
Female,GroupB,103418.85,9831.94,3,head_of_household,0
Male,GroupA,56482.28,12273.7,1,head_of_household,0
Male,GroupA,62464.1,7417.85,1,married,0
Female,GroupB,71029.71,9017.67,1,married,0
Female,GroupB,60872.05,8970.7,2,married,0
Female,GroupA,93901.02,6267.11,1,head_of_household,0
Female,GroupC,47547.01,9116.13,3,head_of_household,0
Female,GroupA,63892.15,2256.91,2,single,0
Male,GroupA,45150.59,7544.23,4,single,0
Male,GroupC,33599.55,8575.62,0,single,1
Male,GroupA,47764.62,8719.1,1,head_of_household,0
Male,GroupB,59259.26,8792.51,4,single,0
Female,GroupA,51413.96,9691.18,3,married,0
Male,GroupA,46151.58,12397.21,0,married,1
Female,GroupC,31873.65,14372.59,4,head_of_household,1
Female,GroupA,58337.89,6751.17,0,single,0
Female,GroupC,29905.59,3984.0,1,married,1
Male,GroupA,75201.12,4789.78,3,head_of_household,0
Female,GroupA,61648.8,7563.99,0,single,0
Male,GroupA,30848.97,8240.39,4,married,1
Male,GroupB,53815.82,6150.02,1,single,0
Female,GroupA,44956.87,3519.42,1,head_of_household,0
Male,GroupC,66383.49,7719.4,4,single,0
Male,GroupA,86809.01,10907.13,4,head_of_household,0
Female,GroupC,22496.55,12975.15,0,single,1
Male,GroupA,62300.52,7212.88,2,married,0
Female,GroupC,56797.34,7935.01,1,head_of_household,0
Female,GroupB,73426.8,5366.51,0,head_of_household,0
Female,GroupB,64263.93,9842.8,4,head_of_household,0
Male,GroupC,44960.61,5757.86,0,single,0
Male,GroupB,53618.92,12865.64,4,single,0
Female,GroupB,44079.48,1070.67,3,married,0
Male,GroupA,81520.14,8201.85,4,head_of_household,0
Female,GroupA,60426.23,11505.54,4,head_of_household,0
Female,GroupC,98023.81,10919.17,4,single,0
Female,GroupB,58786.78,23465.17,2,single,1
Male,GroupB,45831.86,11749.0,4,married,1
Male,GroupA,29725.71,4979.73,1,married,1
Female,GroupA,23937.21,9522.68,1,single,1
Male,GroupA,28317.28,1118.77,0,head_of_household,1
Male,GroupB,65342.53,9597.0,2,married,0
Female,GroupA,70174.5,5834.72,0,single,0
Female,GroupA,28376.19,14576.95,1,single,1
Female,GroupA,77900.77,7252.3,1,head_of_household,0
Female,GroupA,50338.78,9416.17,3,single,0
Male,GroupB,62935.86,6822.21,4,single,0
Female,GroupA,92244.41,18694.26,1,married,0
Female,GroupB,77936.79,8393.79,0,single,0
Male,GroupA,54629.39,19162.79,0,single,1
Male,GroupA,42176.16,14070.76,4,married,1
Female,GroupA,20000.0,12410.33,4,head_of_household,1
Female,GroupA,45616.93,11843.67,3,head_of_household,1
Female,GroupA,55777.4,11968.99,2,married,0
Female,GroupA,40256.41,361.64,0,married,0
Male,GroupB,57374.86,8605.58,4,head_of_household,0
Male,GroupA,61537.04,14225.79,0,head_of_household,0
Female,GroupB,55502.88,9755.51,4,head_of_household,0
Female,GroupC,46999.95,2974.05,1,head_of_household,0
Female,GroupB,63373.09,9737.98,0,head_of_household,0
Female,GroupA,68838.81,18520.53,1,married,1
Male,GroupA,38192.02,16234.46,0,single,1
Male,GroupA,88218.65,9689.98,2,head_of_household,0
Female,GroupA,58028.24,14757.25,3,head_of_household,1
Female,GroupC,60376.99,8167.46,1,single,0
Female,GroupA,74164.29,1480.64,4,single,0
Female,GroupA,64664.32,5377.67,2,single,0
Female,GroupB,79062.73,17814.44,0,single,0
Male,GroupB,65742.48,8630.03,1,single,0
Male,GroupB,47751.25,8783.08,0,single,0
Male,GroupA,67230.07,8500.81,0,married,0
Female,GroupA,37125.48,19520.68,0,single,1
Male,GroupB,62171.19,18129.79,3,single,1
Male,GroupA,59335.4,21093.9,3,married,1
Male,GroupA,55837.66,9204.77,4,single,0
Male,GroupA,57429.25,11478.12,1,head_of_household,0
Female,GroupA,22363.02,2416.79,2,head_of_household,1
Male,GroupA,49025.5,17384.67,2,single,1
Male,GroupA,61856.9,4161.1,2,married,0
Female,GroupB,63197.13,11083.88,0,head_of_household,0
Male,GroupB,39446.5,4513.49,3,married,1
Male,GroupC,85314.16,7055.67,1,head_of_household,0
Male,GroupA,42676.5,5813.69,0,single,0
Female,GroupA,79389.14,6960.62,3,married,0
Male,GroupA,68543.89,7304.39,3,married,0
Female,GroupB,47075.45,7258.66,1,married,0
Male,GroupB,95506.22,14166.67,1,head_of_household,0
Male,GroupA,36127.26,4475.69,1,head_of_household,1
Male,GroupC,78383.08,11102.71,0,head_of_household,0
Male,GroupA,80011.65,16089.8,4,single,0
Female,GroupB,46587.6,7434.02,1,head_of_household,0
Female,GroupB,87849.31,6410.41,4,single,0
Female,GroupC,54999.07,8847.38,0,married,0
Male,GroupB,65773.87,15898.63,4,married,0
Male,GroupC,65206.44,10970.54,2,single,0
Female,GroupA,57313.83,7343.93,4,head_of_household,0
Male,GroupC,76216.17,12419.38,1,single,0
Male,GroupA,75869.77,4488.54,0,married,0
Male,GroupC,25029.36,13406.8,1,married,1
Male,GroupB,86086.8,12043.04,2,single,0
Female,GroupC,26750.16,8460.96,1,head_of_household,1
Female,GroupA,80650.92,5807.07,1,head_of_household,0
Female,GroupB,82534.1,5566.6,1,single,0
Male,GroupB,38180.67,12674.09,3,single,1
Male,GroupB,51783.71,16144.9,2,head_of_household,1
Male,GroupA,37885.91,6813.46,1,married,1
Male,GroupA,55701.58,12291.93,1,single,0
Male,GroupA,53839.31,0.0,1,head_of_household,0
Female,GroupA,75593.21,7076.91,0,head_of_household,0
Female,GroupC,86206.17,9844.71,3,married,0
Male,GroupA,87913.68,5451.58,0,married,0
Female,GroupC,48756.64,5317.47,3,married,0
Female,GroupA,55815.56,6661.1,1,married,0
Female,GroupA,26331.24,11460.96,2,married,1
Female,GroupB,43882.6,9063.35,4,single,0
Male,GroupB,79297.03,0.0,4,head_of_household,0
Male,GroupA,92311.66,0.0,1,single,0
Male,GroupB,35313.02,6965.67,0,single,1
Female,GroupB,48150.71,12288.43,2,single,1
Male,GroupA,59471.88,0.0,3,single,0
Male,GroupC,65603.22,7501.35,1,single,0
Male,GroupC,43807.93,7368.76,2,married,0
Male,GroupB,68481.22,16941.69,2,married,0
Female,GroupA,50523.21,8074.89,3,head_of_household,0
Female,GroupB,59710.95,11914.94,2,single,0
Male,GroupA,70925.68,10706.29,0,head_of_household,0
Male,GroupA,60128.45,0.0,0,married,0
Male,GroupA,51272.28,13841.04,0,married,1
Male,GroupA,57807.8,11076.98,2,married,0
Male,GroupC,58232.74,12541.34,0,single,0
Male,GroupB,52599.78,29631.19,3,single,1
Male,GroupB,54824.08,0.0,2,married,0
Female,GroupA,91972.94,18623.48,4,head_of_household,0
Female,GroupA,71218.39,8562.76,2,head_of_household,0
Male,GroupA,54090.39,11436.64,3,married,0
Male,GroupC,73939.09,9772.44,4,head_of_household,0
Female,GroupA,53323.61,7878.82,2,married,0
Male,GroupC,83462.49,7150.84,0,head_of_household,0
Female,GroupB,67392.84,11647.54,1,married,0
Female,GroupA,57853.96,2414.13,1,head_of_household,0
Male,GroupB,68954.34,13752.9,0,single,0
Male,GroupA,28582.48,7919.03,1,married,1
Female,GroupC,37464.65,4349.65,1,married,1
Male,GroupC,36121.5,7749.94,0,head_of_household,1
Female,GroupA,62858.86,16285.75,0,married,1
Female,GroupA,94650.3,7323.32,2,married,0
Female,GroupB,104626.0,11792.27,2,married,0
Male,GroupC,72761.02,6345.22,0,single,0
Female,GroupA,70016.89,13789.61,3,single,0
Male,GroupB,23978.85,13427.54,1,head_of_household,1
Male,GroupB,49146.52,19243.04,2,single,1
Female,GroupB,44244.32,9122.18,1,head_of_household,0
Male,GroupA,47583.05,13343.27,4,single,1
Female,GroupB,56637.12,10490.34,0,head_of_household,0
Female,GroupC,50558.19,16479.36,3,single,1
Male,GroupA,20414.0,6405.84,4,single,1
Male,GroupA,74958.21,13725.03,4,head_of_household,0
Male,GroupC,38545.14,9026.51,4,married,1
Male,GroupA,64784.94,9679.06,0,married,0
Male,GroupC,101481.65,10458.76,2,single,0
Female,GroupA,41612.31,11261.2,0,head_of_household,1
Male,GroupA,20000.0,9418.85,2,married,1
Male,GroupC,54279.92,11073.57,4,head_of_household,0
Female,GroupA,82019.19,17890.59,4,married,0
Male,GroupB,99166.95,14927.25,3,head_of_household,0
Female,GroupA,35409.01,14345.77,2,single,1
Male,GroupB,69933.98,7722.3,4,head_of_household,0
Male,GroupA,50693.79,5553.8,1,married,0
Female,GroupA,57881.03,14776.5,3,single,1
Female,GroupC,112886.87,14380.23,0,head_of_household,0
Female,GroupA,29940.59,17363.35,3,married,1
Female,GroupB,65074.79,6980.1,1,single,0
Female,GroupA,69353.86,8852.26,2,head_of_household,0
Male,GroupB,81715.73,1802.58,0,married,0
Male,GroupA,61959.66,8037.64,0,head_of_household,0
Female,GroupC,66161.01,14982.85,2,head_of_household,0
Female,GroupA,52167.03,7667.52,3,single,0
Female,GroupA,65382.54,13202.4,4,single,0
Male,GroupA,53136.15,9047.48,3,married,0
Male,GroupA,72431.44,11620.29,1,single,0
Female,GroupB,52607.79,4261.54,4,married,0
Male,GroupA,67542.01,10426.05,3,head_of_household,0
Female,GroupC,59414.74,0.0,2,head_of_household,0
Female,GroupA,82521.01,9065.52,1,married,0
Male,GroupA,58972.13,1847.63,1,head_of_household,0
Female,GroupB,24539.35,16029.97,1,single,1
Female,GroupB,85238.43,13887.04,4,head_of_household,0
Male,GroupA,41885.35,12333.35,0,single,1
Female,GroupA,46924.67,17605.03,4,married,1
Male,GroupA,48086.77,5255.42,3,married,0
Female,GroupB,87488.76,18736.82,0,head_of_household,0
Male,GroupB,20000.0,14660.96,3,head_of_household,1
Female,GroupA,122754.97,8817.22,0,single,0
Male,GroupC,81121.14,15678.1,4,single,0
Male,GroupC,64464.78,4468.53,1,head_of_household,0
Female,GroupB,58902.12,5877.43,2,head_of_household,0
Male,GroupC,65711.08,6957.05,1,married,0
Male,GroupA,70422.45,7355.11,4,married,0
Female,GroupA,72904.31,4717.21,0,married,0
Female,GroupA,71112.09,16115.42,1,head_of_household,0
Female,GroupA,61791.61,8705.73,4,head_of_household,0
Female,GroupB,56053.23,11762.52,3,head_of_household,0
Male,GroupC,56974.53,7148.24,2,married,0
Male,GroupA,56101.83,896.98,1,head_of_household,0
Male,GroupA,82675.4,11350.29,0,single,0
Female,GroupA,71871.13,438.73,3,head_of_household,0
Female,GroupC,20000.0,9656.83,4,head_of_household,1
Female,GroupA,73118.02,3158.42,2,head_of_household,0
Female,GroupB,63894.72,19936.38,0,head_of_household,1
Male,GroupA,59625.82,14556.81,4,head_of_household,0
Male,GroupA,52229.63,10528.77,4,single,0
Male,GroupC,82482.25,16318.53,1,single,0
Male,GroupC,78950.53,5768.42,1,head_of_household,0
Male,GroupA,44542.45,12717.4,0,married,1
Female,GroupC,68141.05,10999.05,4,head_of_household,0
Male,GroupB,40566.87,11320.1,1,head_of_household,1
Male,GroupC,32407.64,16361.77,2,head_of_household,1
Male,GroupA,47465.66,13662.46,2,married,1
Female,GroupB,77247.87,11443.62,4,married,0
Female,GroupA,79062.5,1725.56,1,married,0
Male,GroupB,70261.71,5199.77,0,single,0
Male,GroupA,74501.92,9386.46,0,married,0
Female,GroupA,70323.57,10466.86,0,single,0
Male,GroupA,47170.37,4348.98,2,single,0
Female,GroupB,68638.45,22058.38,1,married,1
Female,GroupA,76008.19,17581.97,1,married,0
Male,GroupB,75085.83,13010.59,2,married,0
Male,GroupC,83778.27,10360.18,0,single,0
Female,GroupA,74166.08,8938.96,0,head_of_household,0
Male,GroupB,67028.96,5240.41,4,married,0
Male,GroupA,81403.0,10387.4,3,married,0
Female,GroupC,59469.57,11288.76,1,married,0
Female,GroupA,42362.51,3791.2,1,single,0
Female,GroupB,56738.66,11670.88,1,single,0
Female,GroupC,45101.95,9223.7,3,head_of_household,0
Male,GroupC,46496.43,460.96,4,married,0
Male,GroupB,57109.63,5698.07,3,single,0
Female,GroupA,44151.6,7931.97,0,head_of_household,0
Female,GroupB,53840.77,19438.44,0,married,1
Male,GroupC,22127.71,12782.77,1,single,1
Female,GroupB,64265.87,3322.59,2,married,0
Male,GroupA,60024.11,12430.18,1,married,0
Male,GroupC,43658.23,2263.48,2,single,0
Male,GroupB,73184.91,15413.46,3,single,0
Male,GroupB,78751.4,7644.38,0,single,0
Male,GroupA,27848.8,9531.82,2,married,1
Male,GroupB,44745.5,16628.98,3,married,1
Male,GroupA,44617.15,3564.18,0,head_of_household,0
Female,GroupB,41201.94,3014.41,2,married,0
Female,GroupA,76589.5,7082.0,1,single,0
Female,GroupB,56123.48,15191.89,1,married,1
Female,GroupC,54709.7,2403.27,1,head_of_household,0
Male,GroupA,20000.0,0.0,3,head_of_household,1
Male,GroupC,72708.36,7744.21,1,single,0
Female,GroupA,35214.83,12758.7,4,single,1
Male,GroupC,61198.65,16001.31,0,head_of_household,1
Female,GroupB,65547.54,7684.19,3,head_of_household,0
Male,GroupB,87213.17,7942.87,1,head_of_household,0
Female,GroupB,33823.59,15769.5,0,single,1
Male,GroupC,20000.0,651.29,2,head_of_household,1
Female,GroupA,63676.99,8057.4,1,head_of_household,0
Male,GroupA,96010.22,10952.12,0,single,0
Female,GroupB,84778.93,12246.09,4,married,0
Male,GroupC,64193.19,7450.97,2,married,0
Female,GroupB,50167.28,10172.21,4,head_of_household,0
Female,GroupB,76142.45,0.0,0,married,0
Male,GroupA,40529.08,6708.76,4,married,0
Female,GroupC,69527.16,12267.54,0,married,0
Female,GroupA,70109.4,5088.53,0,married,0
Male,GroupB,81204.2,10294.92,4,head_of_household,0
Female,GroupA,115193.2,12234.36,0,married,0
Female,GroupA,67848.32,8287.25,1,married,0
Female,GroupA,49820.73,10852.32,0,single,0
Male,GroupA,59488.51,5186.34,3,head_of_household,0
Male,GroupB,24618.48,8966.94,0,single,1
Female,GroupA,46105.74,13051.08,3,single,1
Female,GroupA,51814.35,10784.86,0,head_of_household,0
Male,GroupA,49518.23,7067.34,0,married,0
Female,GroupA,63047.1,11121.08,4,single,0
Male,GroupA,43551.6,13573.05,1,head_of_household,1
Male,GroupA,82420.61,0.0,1,married,0
Male,GroupB,60004.14,15795.37,2,head_of_household,1
Male,GroupB,59813.99,8318.73,4,single,0
Female,GroupB,53442.11,12127.45,4,married,0
Male,GroupA,63103.81,15986.23,1,married,1
Female,GroupA,76501.97,3141.63,4,head_of_household,0
Female,GroupC,42657.4,6452.79,1,married,0
Female,GroupB,46837.67,8557.26,4,single,0
Male,GroupA,53925.48,6081.23,0,single,0
Male,GroupA,33082.58,18674.68,1,single,1
Female,GroupA,43614.84,5716.14,1,head_of_household,0
Female,GroupA,50475.58,7222.27,3,married,0
Male,GroupA,77487.78,11021.95,4,married,0
Female,GroupB,65251.23,3989.25,4,married,0
Female,GroupB,63871.8,8021.6,1,single,0
Female,GroupB,77017.96,11587.27,0,married,0
Female,GroupB,57252.56,8335.7,0,single,0
Female,GroupC,67809.3,9533.07,0,married,0
Male,GroupB,57935.56,7353.34,4,single,0
Female,GroupC,65307.25,2427.65,3,married,0
Female,GroupA,48344.83,11607.97,1,head_of_household,0
Male,GroupA,20000.0,18774.67,2,head_of_household,1
Male,GroupA,57314.42,10092.01,3,single,0
Male,GroupB,88454.96,11126.32,2,single,0
Female,GroupC,78524.31,13463.61,3,married,0
Female,GroupA,79307.95,3653.35,0,married,0
Male,GroupC,84722.61,18512.57,4,head_of_household,0
Female,GroupA,61773.15,11011.64,2,married,0
Male,GroupC,63946.31,18159.28,3,single,1
Female,GroupA,47646.96,6334.84,4,single,0
Female,GroupA,53678.54,19090.31,2,single,1
Female,GroupA,72315.42,13875.78,1,single,0
Male,GroupA,84077.69,12765.2,3,single,0
Male,GroupA,57211.07,11170.12,1,head_of_household,0
Male,GroupA,50996.21,8757.36,0,head_of_household,0
Male,GroupC,60010.56,16002.66,1,single,1
Female,GroupB,72024.13,10701.8,1,married,0
Female,GroupA,31122.9,164.65,3,single,1
Female,GroupB,20000.0,4414.07,0,head_of_household,1
Female,GroupB,48989.26,9070.77,1,single,0
Female,GroupA,35585.75,11549.99,4,head_of_household,1
Female,GroupA,49837.2,9717.06,2,head_of_household,0
Female,GroupA,57044.39,16094.85,1,single,1
Female,GroupA,50935.03,244.49,0,single,0
Male,GroupB,89049.35,10717.94,1,married,0
Male,GroupA,66534.9,910.1,2,head_of_household,0
Male,GroupB,66009.49,13798.56,0,married,0
Female,GroupB,72444.14,9527.71,3,single,0
Female,GroupA,37223.34,12098.05,0,head_of_household,1
Male,GroupB,80782.24,5680.59,3,married,0
Female,GroupA,58484.71,16397.32,0,married,1
Female,GroupC,73409.61,15208.62,2,married,0
Male,GroupA,38562.86,12917.72,2,single,1
Male,GroupC,28924.82,9352.41,0,single,1
Female,GroupB,76357.79,12899.29,1,single,0
Male,GroupA,67528.19,6465.54,2,head_of_household,0
Female,GroupB,41958.97,14277.78,3,single,1
Male,GroupC,42606.74,18247.4,3,head_of_household,1
Female,GroupB,82508.7,15353.05,4,married,0
Female,GroupC,36211.76,6351.99,3,married,1
Female,GroupC,92853.46,11807.09,4,single,0
Female,GroupA,41987.59,3534.29,0,married,0
Male,GroupA,72767.84,12861.95,0,single,0
Male,GroupB,53427.63,12253.02,0,head_of_household,0
Male,GroupA,72063.75,650.92,1,married,0
Female,GroupC,49117.72,4191.08,1,single,0
Female,GroupC,56744.14,8584.31,4,married,0
Female,GroupA,60818.38,8495.7,3,married,0
Male,GroupA,39956.25,3952.62,3,single,1
Male,GroupB,74816.49,11944.89,0,married,0
Male,GroupA,49735.73,11257.37,2,married,0
Male,GroupC,55428.0,9028.65,1,married,0
Female,GroupA,40113.01,6221.04,1,married,0
Male,GroupB,20000.0,15243.54,0,head_of_household,1
Male,GroupA,56179.44,18277.04,1,married,1
Female,GroupB,108252.31,7582.19,0,married,0
Male,GroupA,75692.09,6939.17,4,single,0
Male,GroupB,59614.79,12456.04,3,head_of_household,0
Female,GroupA,54742.18,8209.85,2,single,0
Male,GroupB,60449.32,9303.01,3,single,0
Female,GroupC,70942.38,13698.27,3,single,0
Female,GroupA,36383.74,453.22,4,head_of_household,1
Female,GroupA,82286.43,16591.51,1,single,0
Male,GroupA,74307.63,10363.4,2,single,0
Female,GroupB,74363.71,7942.53,1,single,0
Male,GroupB,68769.51,9553.83,3,married,0
Male,GroupB,60392.33,9812.15,0,single,0
Male,GroupA,73457.22,1343.99,3,head_of_household,0
Female,GroupA,71836.28,17474.69,1,head_of_household,0
Male,GroupB,52919.19,10206.63,3,married,0
Male,GroupA,48527.96,12215.01,0,head_of_household,1
Female,GroupC,62037.13,14757.75,4,head_of_household,0
Male,GroupA,90980.4,4894.19,1,married,0
Male,GroupB,35217.86,12367.36,3,single,1
Male,GroupA,30649.49,8661.79,1,married,1
Male,GroupA,63295.22,14233.85,4,single,0
Male,GroupB,61017.75,0.0,3,single,0
Male,GroupB,63466.83,9504.53,3,head_of_household,0
Female,GroupC,64879.06,6985.9,1,married,0
Male,GroupA,55535.95,12161.31,1,head_of_household,0
Male,GroupA,89797.27,12350.22,0,head_of_household,0
Female,GroupB,27981.92,6461.87,4,single,1
Male,GroupB,43430.06,6439.13,0,head_of_household,0
Female,GroupA,57934.9,9446.67,3,married,0
Male,GroupA,27136.22,5516.79,1,head_of_household,1
Male,GroupA,56482.91,14209.92,3,head_of_household,1
Male,GroupC,93229.4,8153.96,3,single,0
Male,GroupA,60417.73,0.0,2,married,0
Male,GroupA,64614.02,8125.89,2,head_of_household,0
Male,GroupA,34796.7,4807.28,3,single,1
Male,GroupA,47672.77,1843.62,1,head_of_household,0
Male,GroupA,52496.07,3812.87,3,married,0
Male,GroupB,53645.7,10547.04,2,head_of_household,0
Male,GroupA,85632.88,16643.2,1,head_of_household,0
Male,GroupC,71153.82,11565.92,3,single,0
Male,GroupA,37770.84,6967.48,4,head_of_household,1
Female,GroupB,64930.1,12279.52,4,single,0
Male,GroupC,69964.43,7704.55,3,married,0
Female,GroupB,82802.98,6527.0,1,head_of_household,0
Female,GroupB,91610.81,4228.19,3,married,0
Male,GroupA,39698.12,1240.86,3,married,1
Female,GroupA,43782.85,8050.38,2,head_of_household,0
Female,GroupB,34848.44,10790.27,4,single,1
Male,GroupC,55319.6,9516.88,2,married,0
Male,GroupB,69327.17,7920.17,2,married,0
Female,GroupB,79746.69,5271.27,3,head_of_household,0
Female,GroupB,58480.98,13041.23,2,head_of_household,0
Male,GroupA,53603.05,3414.34,4,head_of_household,0
Male,GroupA,63035.16,13880.14,2,head_of_household,0
Male,GroupB,43297.14,4988.91,4,head_of_household,0
Male,GroupC,101790.77,6237.82,2,head_of_household,0
Female,GroupA,27846.78,2666.07,4,single,1
Male,GroupB,63694.81,7492.99,2,married,0
Male,GroupA,100472.12,14876.56,2,single,0
Female,GroupB,60136.0,12578.14,1,single,0
Male,GroupA,56199.22,14892.11,4,head_of_household,1
Male,GroupA,52851.09,12610.71,4,married,0
Female,GroupB,56392.17,4481.65,4,single,0
Female,GroupA,87456.97,8346.05,0,head_of_household,0
Male,GroupB,20000.0,6099.0,2,head_of_household,1
Male,GroupB,90668.67,16652.87,4,married,0
Male,GroupC,31520.86,4016.06,0,single,1
Male,GroupA,54666.95,14468.49,1,single,1
Male,GroupA,51415.11,14464.77,4,single,1
Male,GroupA,71771.07,19148.1,4,head_of_household,1
Male,GroupC,28037.51,7951.57,0,married,1
Male,GroupC,69243.45,13561.61,2,married,0
Male,GroupB,100486.19,21408.26,1,single,0
Male,GroupC,32736.52,6911.79,4,head_of_household,1
Male,GroupB,63794.12,2324.8,2,single,0
Male,GroupB,46760.36,599.95,1,married,0
Male,GroupA,68517.74,13563.56,3,head_of_household,0
Female,GroupB,60382.96,584.25,3,single,0
Female,GroupA,47170.26,8138.4,1,single,0
Female,GroupC,69757.45,12186.57,0,head_of_household,0
Female,GroupB,96086.96,10925.88,1,married,0
Male,GroupB,56181.92,12127.22,1,head_of_household,0
Male,GroupA,74395.16,11111.45,0,single,0
Male,GroupA,34134.54,16394.33,0,single,1
Female,GroupA,40871.27,5238.42,2,single,0
Female,GroupA,69448.13,6615.02,2,single,0
Male,GroupA,89682.32,6136.7,0,married,0
Male,GroupC,67112.27,14150.96,3,married,0
Male,GroupB,53738.84,14501.99,3,single,1
Male,GroupA,59985.83,12256.13,1,married,0
Female,GroupA,34991.85,15917.47,4,married,1
Female,GroupA,72090.31,4109.8,1,married,0
Male,GroupB,77646.66,18336.12,1,single,0
Female,GroupB,50958.19,17616.19,4,head_of_household,1
Female,GroupC,50599.16,13678.11,0,head_of_household,1
Male,GroupA,65317.56,18908.99,3,head_of_household,1
Male,GroupC,51265.61,1716.88,1,single,0
Male,GroupC,58677.35,7377.76,4,married,0
Male,GroupA,101994.44,6323.48,2,married,0
Male,GroupC,55059.49,13607.4,1,single,0
Male,GroupA,52833.2,4749.3,3,single,0
Male,GroupC,47049.16,13787.48,0,head_of_household,1
Male,GroupA,74883.84,16852.68,1,head_of_household,0
Female,GroupC,56375.52,13476.01,1,single,0
Male,GroupC,47012.54,11418.76,4,head_of_household,0
Male,GroupC,86426.08,5060.63,2,married,0
Male,GroupB,88392.06,5765.75,2,single,0
Female,GroupA,47991.53,16248.09,0,single,1
Male,GroupA,22669.2,13896.75,3,married,1
Male,GroupA,80150.27,9804.9,0,married,0
Female,GroupA,46307.4,7910.45,1,married,0
Female,GroupB,75812.51,0.0,1,head_of_household,0
Female,GroupA,20597.92,4645.74,2,single,1
Male,GroupC,77851.95,19557.1,3,head_of_household,1
Male,GroupB,35776.56,3597.72,4,married,1
Female,GroupC,74615.28,10947.4,3,head_of_household,0
Female,GroupA,60285.46,15037.22,1,married,0
Female,GroupC,40921.21,3725.39,4,head_of_household,0
Female,GroupC,51859.27,10923.55,3,head_of_household,0
Male,GroupA,73726.37,14689.58,3,married,0
Female,GroupB,62117.89,10062.5,4,head_of_household,0
Male,GroupB,71688.26,24342.02,1,single,1
Male,GroupA,99528.81,1657.0,3,head_of_household,0
Male,GroupB,28715.17,15293.64,4,head_of_household,1
Male,GroupA,92344.25,9135.99,1,single,0
Male,GroupA,62087.12,13859.6,4,married,0
Male,GroupA,42024.32,12206.54,4,single,1
Female,GroupA,33393.73,6334.22,3,head_of_household,1
Male,GroupA,56217.59,11144.98,1,married,0
Female,GroupA,78433.0,710.49,3,head_of_household,0
Male,GroupC,57449.02,13016.24,0,head_of_household,0
Male,GroupB,90223.1,11490.79,0,single,0
Male,GroupC,30976.49,13193.3,1,single,1
Male,GroupA,59758.22,15290.59,4,married,1
Male,GroupA,34952.13,11838.1,3,married,1
Male,GroupB,67272.64,10740.45,3,married,0
Male,GroupA,77737.75,5594.66,1,head_of_household,0
Female,GroupA,51584.76,6438.9,1,single,0
Male,GroupB,20000.0,15933.67,0,single,1
Female,GroupA,63978.96,17181.68,2,single,1
Male,GroupB,68734.77,8809.45,1,married,0
Female,GroupB,68085.9,10230.01,2,single,0
Female,GroupA,84715.64,5476.93,1,single,0
Female,GroupA,38578.93,15863.78,4,single,1
Male,GroupB,73604.32,13327.08,4,married,0
Male,GroupA,83850.15,19706.09,0,single,0
Male,GroupA,24428.25,5608.38,0,married,1
Female,GroupC,66393.04,8109.96,2,single,0
Female,GroupA,49916.4,11157.23,1,single,0
Female,GroupB,58369.55,13232.45,3,single,0
Male,GroupC,66953.53,8921.66,0,married,0
Female,GroupA,50255.43,5635.19,3,married,0
Female,GroupA,46485.84,14407.04,3,single,1
Male,GroupA,60683.05,13605.68,1,head_of_household,0
Male,GroupA,38255.08,5418.63,2,married,1
Female,GroupA,38283.5,16777.21,1,married,1
Female,GroupB,73587.47,15850.99,0,single,0
Female,GroupA,37024.12,10671.48,3,head_of_household,1
Male,GroupB,73326.25,10397.99,1,single,0
Female,GroupC,69251.83,12770.29,1,married,0
Male,GroupC,25483.87,5691.48,1,married,1
Male,GroupB,46448.71,10150.16,0,single,0
Male,GroupA,83882.19,0.0,2,single,0
Female,GroupB,40376.69,14382.28,1,head_of_household,1
Female,GroupB,50711.91,2192.53,0,head_of_household,0
Male,GroupA,69241.22,17517.1,3,married,1
Male,GroupA,75667.81,8349.4,4,head_of_household,0
Female,GroupC,54969.22,8941.67,0,head_of_household,0
Male,GroupA,48049.8,6861.33,4,married,0
Female,GroupA,88447.4,8559.81,1,married,0
Male,GroupA,94777.99,17092.66,1,married,0
Male,GroupA,79577.16,0.0,0,married,0
Male,GroupC,61706.36,16384.83,4,single,1
Male,GroupB,43834.69,11690.12,1,married,1
Female,GroupB,43391.11,3964.89,3,married,0
Male,GroupA,70450.28,4623.44,2,married,0
Male,GroupA,68367.96,18381.97,2,head_of_household,1
Female,GroupA,88031.97,5272.47,1,married,0
Male,GroupA,73009.0,4233.25,4,single,0
Male,GroupA,29938.39,15686.57,1,single,1
Female,GroupB,81038.95,11692.76,4,married,0
Female,GroupA,40038.79,5310.37,3,single,0
Male,GroupB,52320.57,11083.12,4,head_of_household,0
Female,GroupA,65004.0,4871.24,1,married,0
Female,GroupA,99913.35,15504.11,3,single,0
Male,GroupA,122198.37,15306.85,0,single,0
Male,GroupC,72134.46,12660.03,2,married,0
Female,GroupC,56336.07,11808.31,1,single,0
Female,GroupC,70690.11,18805.94,1,married,1
Male,GroupA,77753.11,9998.43,1,single,0
Female,GroupA,53586.65,4090.63,3,head_of_household,0
Female,GroupB,95904.23,12247.37,0,single,0
Male,GroupA,64601.42,20430.24,4,single,1
Male,GroupC,69954.86,4926.2,0,married,0
Male,GroupA,73318.49,8192.69,3,single,0
Female,GroupA,68431.73,12082.23,1,married,0
Male,GroupA,76778.81,9730.48,2,head_of_household,0
Female,GroupA,47654.94,5088.48,1,married,0
Female,GroupB,48833.96,15609.29,4,married,1
Female,GroupA,37996.92,21600.2,2,single,1
Male,GroupA,68790.02,10980.66,1,head_of_household,0
Female,GroupA,75578.73,5479.66,2,married,0
Male,GroupA,69155.46,2255.2,0,single,0
Female,GroupB,93489.85,11289.88,3,single,0
Male,GroupC,59888.08,15519.39,1,married,1
Male,GroupC,73374.83,12375.84,4,single,0
Female,GroupB,38165.98,9987.98,0,married,1
Male,GroupA,52258.01,7053.64,1,married,0
Male,GroupB,73910.76,4539.18,0,married,0
Female,GroupA,76982.04,14173.76,4,head_of_household,0
Female,GroupA,54120.66,14568.86,1,married,1
Female,GroupC,58568.01,2271.35,4,single,0
Female,GroupA,29642.53,17949.19,2,head_of_household,1
Male,GroupC,52859.42,12870.36,4,single,0
Male,GroupA,77807.66,16997.97,2,head_of_household,0
Male,GroupB,71504.1,3289.36,1,head_of_household,0
Male,GroupB,70013.31,3170.88,2,head_of_household,0
Female,GroupC,60995.47,9255.15,1,head_of_household,0
Female,GroupB,60141.26,12513.92,1,single,0
Male,GroupB,46793.58,18981.8,3,married,1
Male,GroupA,73976.57,13530.39,1,single,0
Female,GroupB,68419.46,8786.59,2,married,0
Male,GroupA,69840.38,4868.15,3,single,0
Female,GroupB,49479.3,16150.0,3,head_of_household,1
Male,GroupB,20000.0,5176.47,1,head_of_household,1
Female,GroupB,81943.05,18142.34,4,married,0
Male,GroupA,50423.25,8578.08,4,married,0
Female,GroupA,42744.48,17952.91,3,single,1
Female,GroupB,73869.58,13394.66,1,married,0
Female,GroupA,52159.75,9315.02,4,single,0
Female,GroupA,81198.73,7403.02,1,married,0
Female,GroupA,72340.12,8295.46,1,married,0
Female,GroupC,73671.39,12141.58,3,married,0
Male,GroupB,32680.89,10385.78,3,head_of_household,1
Female,GroupA,84238.88,7030.94,0,head_of_household,0
Female,GroupA,65225.01,9171.84,4,single,0
Male,GroupA,52614.46,10392.89,4,married,0
Female,GroupB,62867.77,0.0,4,single,0
Female,GroupB,24475.3,12290.84,2,married,1
Female,GroupA,68173.06,5101.39,1,head_of_household,0
Male,GroupA,39412.57,4233.34,3,head_of_household,1
Male,GroupA,32946.59,1563.28,4,married,1
Female,GroupB,29552.82,1030.54,0,married,1
Female,GroupB,82253.77,3222.76,4,head_of_household,0
Male,GroupA,47414.73,6454.9,1,head_of_household,0
Female,GroupA,90674.55,19766.3,1,single,0
Female,GroupA,49283.97,7370.6,3,head_of_household,0
Male,GroupC,25852.84,10888.75,2,married,1
Female,GroupA,37669.51,12002.41,3,single,1
Male,GroupB,84716.23,10655.33,4,married,0
Male,GroupB,56882.04,9612.78,0,single,0
Male,GroupA,49034.25,4023.53,3,married,0
Female,GroupA,63200.36,17254.64,2,head_of_household,1
Male,GroupA,70035.65,19035.98,3,married,1
Male,GroupB,82347.98,1586.71,1,single,0
Male,GroupB,88969.98,4879.86,4,married,0
Male,GroupB,52804.63,8600.95,4,single,0
Female,GroupB,33479.05,5177.31,4,married,1
Male,GroupA,51730.7,12529.83,4,head_of_household,0
Male,GroupC,65205.61,6358.64,4,head_of_household,0
Female,GroupB,40724.82,20825.28,4,married,1
Male,GroupA,40856.98,15952.74,0,married,1
Male,GroupC,66875.76,11062.87,2,married,0
Male,GroupB,59026.95,15134.93,4,single,1
Male,GroupB,60655.94,15529.5,2,married,1
Male,GroupB,44830.09,7180.26,4,married,0
Male,GroupC,55391.99,5918.91,3,single,0
Male,GroupB,41515.34,10390.72,4,head_of_household,1
Female,GroupA,77803.97,14308.18,1,married,0
Male,GroupA,80704.99,10695.3,0,married,0
Female,GroupC,23076.24,2115.02,3,head_of_household,1
Female,GroupA,41409.78,5985.88,3,head_of_household,0
Male,GroupA,30069.41,9630.14,1,single,1
Female,GroupA,46999.52,9621.67,4,married,0
Male,GroupA,58331.24,19862.71,0,married,1
Female,GroupB,31007.1,3070.06,3,single,1
Male,GroupC,41562.8,12527.95,0,head_of_household,1
Male,GroupA,39920.85,17445.57,3,single,1
Male,GroupA,64145.35,21357.25,4,head_of_household,1
Female,GroupA,61386.89,7978.01,3,single,0
Male,GroupC,45565.25,12457.15,3,head_of_household,1
Female,GroupB,63536.42,12848.8,2,single,0
Male,GroupA,49066.4,10977.41,4,head_of_household,0
Female,GroupC,54566.9,9505.77,1,head_of_household,0
Male,GroupC,93469.04,12179.88,1,head_of_household,0
Female,GroupC,86809.22,0.0,4,head_of_household,0
Male,GroupC,34008.38,13410.35,1,head_of_household,1
Male,GroupA,76594.65,10630.89,4,married,0
Male,GroupB,76227.93,8887.63,1,head_of_household,0
Male,GroupA,37034.73,20234.31,2,married,1
Female,GroupC,76375.55,6625.33,1,head_of_household,0
Male,GroupB,90758.64,7984.62,3,married,0
Female,GroupB,37549.1,19957.77,4,married,1
Male,GroupB,41649.94,5839.69,0,single,0
Male,GroupA,80353.23,7249.42,0,head_of_household,0
Male,GroupB,65429.91,9264.87,4,single,0
Male,GroupC,71029.53,14203.67,2,single,0
Female,GroupC,66811.78,11039.01,1,head_of_household,0
Male,GroupA,67813.92,3536.87,2,single,0
Male,GroupA,33470.56,7339.16,0,head_of_household,1
Female,GroupA,80946.35,6963.23,4,single,0
Female,GroupB,83391.8,9613.89,4,head_of_household,0
Male,GroupC,55412.19,12129.22,2,head_of_household,0
Male,GroupA,59130.46,12091.03,2,head_of_household,0
Female,GroupB,29377.85,1119.94,1,married,1
Male,GroupC,70285.1,15319.7,3,single,0
Male,GroupB,71441.15,11262.84,3,married,0
Male,GroupB,58756.18,16922.66,1,single,1
Female,GroupB,82487.07,12220.99,3,single,0
Female,GroupB,53318.46,15506.61,0,single,1
Male,GroupA,71292.12,12332.73,3,married,0
Male,GroupB,39606.71,16731.13,1,single,1
Male,GroupB,59528.96,12611.25,3,married,0
Female,GroupC,56512.91,9510.42,4,head_of_household,0
Male,GroupB,64506.16,21362.17,2,single,1
Male,GroupB,52609.46,14445.19,0,single,1
Female,GroupA,57370.55,12868.72,4,head_of_household,0
Male,GroupA,76520.94,3618.48,4,head_of_household,0
Female,GroupA,51264.72,3558.46,1,single,0
Male,GroupA,27868.46,11463.58,2,head_of_household,1
Male,GroupB,94991.68,10727.61,2,married,0
Male,GroupC,87629.08,6929.39,0,married,0
Female,GroupA,34154.75,10704.91,1,single,1
Female,GroupA,73794.16,17943.13,0,married,0
Female,GroupC,49940.5,13477.01,3,married,1
Male,GroupA,65269.74,4294.96,4,single,0
Female,GroupB,65884.48,9442.46,0,head_of_household,0
Male,GroupB,55311.84,5975.17,4,single,0
Male,GroupB,44324.69,8061.5,1,married,0
Female,GroupA,46189.18,7931.92,3,single,0
Male,GroupA,41676.16,7611.77,1,single,0
Male,GroupB,43363.56,3724.32,3,married,0
Male,GroupB,58656.43,9361.73,3,married,0
Male,GroupA,45684.8,7196.96,4,single,0
Male,GroupB,73641.04,0.0,1,married,0
Female,GroupA,89744.92,20264.86,1,married,0
Male,GroupB,48398.94,15443.85,0,married,1
Female,GroupA,64788.09,8118.5,1,married,0
Female,GroupC,69993.7,10094.1,0,married,0
Male,GroupA,69440.05,4141.73,2,married,0
Male,GroupA,61519.11,18478.61,2,head_of_household,1
Male,GroupA,74853.65,19486.44,2,single,1
Female,GroupA,69644.98,10783.47,1,married,0
Male,GroupC,35246.75,15117.65,1,single,1
Female,GroupC,77383.12,10876.43,0,head_of_household,0
Male,GroupA,77745.82,3316.37,3,married,0
Female,GroupA,44734.28,7940.88,0,single,0
Male,GroupB,60758.76,10659.64,2,married,0
Male,GroupC,73666.58,7727.26,0,married,0
Female,GroupB,55813.72,8906.73,3,married,0
Female,GroupA,81459.56,9543.0,1,married,0
Male,GroupA,107277.45,9595.61,0,married,0
Female,GroupB,44280.28,10261.29,2,married,0
Male,GroupA,32379.11,4696.97,2,married,1
Female,GroupB,66076.37,6414.92,1,head_of_household,0
Female,GroupA,74431.25,3577.08,0,head_of_household,0
Male,GroupB,55382.67,14889.08,3,married,1
Male,GroupA,89065.21,0.0,1,married,0
Male,GroupB,33227.88,15767.95,0,head_of_household,1
Male,GroupA,73858.37,16931.75,4,head_of_household,0
Female,GroupB,47882.78,8489.1,2,head_of_household,0
Male,GroupA,94387.56,0.0,3,married,0
Male,GroupB,99850.31,8193.45,3,single,0
Female,GroupB,44666.87,9679.08,3,single,0
Female,GroupB,49008.86,4947.01,2,single,0
Male,GroupB,77191.76,7423.91,0,single,0
Male,GroupB,52257.39,17650.98,1,married,1
Male,GroupC,59091.78,13324.64,0,single,0
Male,GroupA,60507.77,5377.18,1,head_of_household,0
Female,GroupC,21606.54,2012.0,3,head_of_household,1
Male,GroupA,59723.25,8364.91,0,single,0
Female,GroupA,46205.44,8932.72,3,head_of_household,0
Male,GroupA,50137.54,12481.0,4,married,0
Female,GroupA,88872.64,7323.42,3,single,0
Female,GroupB,34869.86,12557.5,3,single,1
Female,GroupB,76264.1,19675.77,1,married,1
Male,GroupB,54420.74,14077.51,4,head_of_household,1
Male,GroupB,54404.8,9759.56,3,married,0
Male,GroupA,75807.44,9084.25,3,married,0
Female,GroupA,66801.03,8216.63,4,head_of_household,0
Female,GroupA,71412.26,15903.2,4,married,0
Female,GroupA,79363.69,6863.43,0,head_of_household,0
Female,GroupA,53373.83,10226.11,1,head_of_household,0
Female,GroupA,47755.27,10255.99,4,married,0
Male,GroupB,38296.99,7491.08,4,head_of_household,1
Female,GroupB,43491.79,3137.67,2,married,0
Male,GroupC,118981.89,11614.87,4,head_of_household,0
Male,GroupC,84893.59,9694.98,1,single,0
Male,GroupB,32978.51,12501.2,3,head_of_household,1
Male,GroupA,33550.84,7332.0,3,head_of_household,1
Male,GroupB,69637.32,16104.11,3,married,0
Female,GroupB,70945.3,5616.13,3,head_of_household,0
Male,GroupA,70977.68,18560.2,2,single,1
Female,GroupA,54900.88,1261.82,4,single,0
Male,GroupC,57490.91,12173.85,3,head_of_household,0
Male,GroupA,66557.59,12377.15,0,head_of_household,0
Male,GroupB,61717.86,6022.21,3,single,0
Male,GroupB,20000.0,12121.97,4,married,1
Female,GroupA,55404.01,16397.59,3,single,1
Male,GroupA,42971.87,0.0,2,single,0
Female,GroupA,63504.23,12513.72,1,head_of_household,0
Male,GroupA,119705.18,0.0,1,head_of_household,0
Female,GroupA,67349.63,5171.68,4,single,0
Female,GroupC,53729.41,18145.83,1,married,1
Female,GroupA,78436.03,7091.09,1,single,0
Male,GroupB,69653.76,4130.6,0,single,0
Male,GroupA,68401.89,9010.31,4,married,0
Male,GroupC,72137.01,20339.53,4,single,1
Female,GroupA,101130.87,841.59,1,single,0
Male,GroupA,37382.23,4743.45,1,head_of_household,1
Male,GroupC,69472.64,17487.16,1,married,1
Female,GroupC,41472.38,19288.51,2,head_of_household,1
Male,GroupA,71110.25,9482.84,3,head_of_household,0
Female,GroupC,41626.27,3804.74,2,married,0
Male,GroupA,51652.66,20479.22,4,married,1
Male,GroupA,54098.2,17972.21,0,single,1
Female,GroupA,79516.33,13394.73,3,head_of_household,0
Male,GroupA,78369.09,5937.99,0,married,0
Female,GroupB,35085.65,9754.85,4,head_of_household,1
Male,GroupA,61098.68,9198.2,4,head_of_household,0
Male,GroupA,45808.4,11654.26,0,married,1
Female,GroupB,34829.9,17255.01,0,single,1
Female,GroupB,55659.66,14397.09,0,head_of_household,1
Female,GroupA,53830.34,4613.12,4,married,0
Male,GroupB,108534.33,16882.48,1,single,0
Female,GroupA,68659.2,11565.66,0,head_of_household,0
Male,GroupB,32447.65,13435.33,3,married,1
Male,GroupB,48704.52,17332.7,4,head_of_household,1
Female,GroupC,80427.67,4442.1,2,married,0
Male,GroupA,101768.86,9820.87,2,married,0
Female,GroupA,28280.33,7342.73,3,head_of_household,1
Male,GroupA,22401.51,2160.7,1,head_of_household,1
